Task_ID,Task_Description,Priority_Level,Task_Status,Task_Deadline,Assigned_To,Task_Origin,Task_Type,Estimated_Completion_Time,Actual_Completion_Time,User_ID,User_Name,Role,Workload,Team_Name,Productivity_Score,Feedback_Text,Sentiment_Score,Communication_Channel,Stress_Level,Historical_Delays,Task_Dependencies,Bottleneck_Flag,Urgency_Score,Optimal_Assignment,Forecast_Completion_Time,Deadline_Adherence,Task_Completion_Trend,Performance_Indicator,Shared_Taskboard_Updates
TASK-1000,Stand stop nice new long type several.,High,Completed,07-06-2025,USER-22,Internal Initiative,Development,12,17,USER-22,Michael Wright,Developer,7,Beta,0.76,Account health other present.,Neutral,Slack,9.98,1,TASK-1069,Yes,0.5,USER-22,11.91469859,82.32,0.67,0.85,With happen without development bit wind film.
TASK-1001,Have fear drug boy find point such ago.,High,In Progress,04-06-2025,USER-43,Internal Initiative,Testing,11,9,USER-43,George Haney,Developer,1,Alpha,0.65,Stage care thing.,Negative,Email,8.4,3,TASK-1159,No,0.84,USER-43,11.41291603,50.55,0.04,0.85,We political option rich another husband.
TASK-1002,Next deep expert report pressure today out last require.,High,Completed,15-06-2025,USER-9,Internal Initiative,Testing,16,15,USER-9,Scott Roberts,Developer,8,Alpha,0.82,Various then say rather minute.,Positive,Slack,7.57,0,TASK-1193,No,0.01,USER-9,17.56163022,67.98,0.51,0.89,Stock establish relationship ok thank.
TASK-1003,Few hotel or open whose operation how.,High,Pending,23-05-2025,USER-5,Internal Initiative,Development,16,14,USER-5,Mary Brown,Manager,2,Alpha,0.67,Item might receive do summer.,Neutral,Slack,3.18,3,TASK-1007,Yes,0.26,USER-5,15.40602862,93.15,0.02,0.98,Analysis across ten their Congress itself condition dream.
TASK-1004,Administration pass deal even ever family reality brother.,High,Completed,12-06-2025,USER-47,Internal Initiative,Documentation,15,20,USER-47,Amanda Jones,Tester,1,Gamma,0.58,Particular interview federal.,Neutral,Chat,7.89,0,,Yes,0.37,USER-47,15.80935423,51.59,0.8,0.79,Life mission find religious structure.
TASK-1005,Reality behavior meeting listen approach through add story me.,Medium,Completed,03-06-2025,USER-46,Internal Initiative,Documentation,6,11,USER-46,Jeffrey Little,Manager,1,Alpha,0.81,Security war test shoulder black attorney.,Negative,Slack,7.03,2,TASK-1023,Yes,0.88,USER-46,7.087391847,86.94,0.26,0.76,Attack adult road technology.
TASK-1006,Yard material trip our their.,High,Pending,13-06-2025,USER-31,Internal Initiative,Testing,18,23,USER-31,Jill Gray,Tester,10,Alpha,0.56,Music police off easy yes.,Positive,Slack,9.39,3,TASK-1038,Yes,0.01,USER-31,19.73941416,67.38,0.83,0.7,Individual call for sign conference.
TASK-1007,Risk form direction administration season reality son society hospital gas.,High,In Progress,15-06-2025,USER-16,Internal Initiative,Documentation,14,15,USER-16,Joshua Smith,Developer,7,Alpha,0.64,Treatment animal daughter gun others.,Negative,Slack,3.85,1,TASK-1146,No,0.03,USER-16,14.81787249,78.55,0.8,0.79,Figure vote benefit job deep specific easy.
TASK-1008,Beyond model physical box pretty crime material care task radio.,Medium,Completed,22-05-2025,USER-27,Client Request,Development,19,18,USER-27,Karen Nichols,Developer,5,Alpha,0.95,Full citizen three office old.,Negative,Email,1.71,1,,No,0.1,USER-27,20.74804402,89.12,0.51,0.84,My happy dream.
TASK-1009,Identify tonight threat foreign carry particularly who.,Medium,Pending,20-05-2025,USER-40,Internal Initiative,Development,19,18,USER-40,Alex Sexton,Developer,7,Beta,0.98,Skill dog college worker reality.,Neutral,Slack,3.78,4,,Yes,0.13,USER-40,20.95981095,99,0.99,0.87,Attention to future middle father.
TASK-1010,Suddenly official look piece certainly property rest smile.,High,In Progress,01-06-2025,USER-7,Internal Initiative,Documentation,13,17,USER-7,Christina Alexander,Tester,6,Beta,0.98,Health official customer about direction.,Negative,Slack,9.69,1,TASK-1124,Yes,0.19,USER-7,13.00974074,86.27,0.26,0.89,Although here base fear central us top.
TASK-1011,Difficult now finally attack fight life check process stuff.,Medium,In Progress,12-06-2025,USER-44,Internal Initiative,Testing,15,15,USER-44,Erica Schroeder,Developer,10,Gamma,0.58,From bit play tough chance. Build whose our.,Neutral,Email,0.61,2,TASK-1070,Yes,0.81,USER-44,16.52615995,68.8,0.91,0.7,Six expert choice able civil word one turn.
TASK-1012,His black young keep president contain read during country image simple.,High,Completed,13-06-2025,USER-45,Internal Initiative,Testing,14,12,USER-45,Veronica Powell,Developer,7,Beta,0.73,Make color maintain past trade medical hard.,Positive,Chat,9.64,4,,No,0.49,USER-45,15.16757906,81.92,0,0.93,Huge require capital.
TASK-1013,High official manager garden whether still over situation.,High,Completed,03-06-2025,USER-24,Client Request,Development,6,6,USER-24,Mike Morris,Tester,6,Gamma,0.64,Each itself them concern real even million.,Negative,Email,3.47,4,,No,0.05,USER-24,5.514038171,85.52,0.12,0.83,Say hot popular officer hear prepare official.
TASK-1014,A role break statement test.,High,Completed,11-06-2025,USER-34,Client Request,Documentation,19,22,USER-34,Deborah Michael,Developer,1,Beta,0.54,Financial treat per position ask region break.,Negative,Slack,7.7,3,,No,0.82,USER-34,20.43356876,50.3,0.92,0.83,Set personal federal already break recently law.
TASK-1015,Score back exactly war ago.,Medium,Completed,17-06-2025,USER-12,Internal Initiative,Testing,14,16,USER-12,Stephanie Reyes,Developer,6,Alpha,0.63,General force beautiful up after Congress doctor.,Negative,Slack,5.15,2,,No,0.98,USER-12,15.6970143,53.98,0.53,0.62,Experience travel marriage federal.
TASK-1016,Mouth employee American small although.,Low,Pending,25-05-2025,USER-41,Client Request,Documentation,13,11,USER-41,Carrie Terry,Manager,1,Beta,0.51,Dog pretty let. Class attorney three tax several.,Neutral,Chat,8.13,2,TASK-1118,Yes,0.56,USER-41,14.71893356,92.64,0.37,0.75,Seek trial himself you place.
TASK-1017,Actually practice where decision decision possible practice.,Medium,In Progress,11-06-2025,USER-31,Internal Initiative,Development,17,18,USER-31,Heather Parks,Manager,3,Gamma,0.68,Politics information when draw.,Positive,Email,0.72,2,TASK-1118,No,0.9,USER-31,18.91654743,60.29,0.45,0.71,Notice clearly order performance door black action.
TASK-1018,Write condition follow old picture environmental position.,Medium,In Progress,04-06-2025,USER-48,Internal Initiative,Documentation,18,16,USER-48,John Osborne,Manager,8,Beta,0.91,Type finish maintain budget meet.,Negative,Chat,4.74,2,,No,0.95,USER-48,17.49543721,77.43,0.37,0.91,Several surface baby blood force.
TASK-1019,Sense by half we film with statement.,High,Completed,04-06-2025,USER-29,Internal Initiative,Development,10,13,USER-29,Vanessa Dixon,Manager,3,Alpha,0.7,Other score foreign however participant.,Positive,Chat,1.93,2,,Yes,0.27,USER-29,11.5531629,50.98,0.18,0.61,Fall rule right.
TASK-1020,Certain there performance politics rock watch.,High,In Progress,22-05-2025,USER-39,Client Request,Documentation,20,23,USER-39,Shirley Bell,Developer,5,Beta,0.81,Walk within per exist somebody hour want.,Negative,Email,2.45,0,TASK-1035,Yes,0.96,USER-39,20.72381724,55.58,0.62,0.62,Center move doctor design media true.
TASK-1021,Morning phone impact behavior during energy inside popular wonder seem.,High,In Progress,21-05-2025,USER-47,Client Request,Development,14,15,USER-47,Jamie Blair,Manager,7,Alpha,0.86,Cold focus off major care well piece easy.,Negative,Chat,1.53,5,,No,0.21,USER-47,13.75430317,74.38,0.76,0.79,Nothing test should ever again.
TASK-1022,To put few imagine than assume agreement ball much true.,High,In Progress,25-05-2025,USER-17,Client Request,Documentation,10,14,USER-17,Thomas Holt,Developer,8,Beta,0.77,Kind box open boy them test push.,Neutral,Email,2.1,5,TASK-1141,Yes,0.92,USER-17,11.44257714,92.91,0.7,0.74,Sit space fire responsibility life near read.
TASK-1023,Production herself and walk guy.,Medium,Completed,20-05-2025,USER-31,Client Request,Documentation,16,21,USER-31,Olivia Stone,Developer,1,Gamma,0.95,Force safe soldier board charge point.,Negative,Chat,6.11,1,,Yes,0.16,USER-31,17.88452881,68.75,0.83,0.71,Blood body director every mission.
TASK-1024,Relate tell director season culture practice number it.,High,In Progress,26-05-2025,USER-46,Client Request,Documentation,16,20,USER-46,Amanda Orozco,Manager,6,Beta,0.83,So of bank begin.,Negative,Email,6.11,3,TASK-1117,No,0.83,USER-46,17.53464552,91.82,0.77,0.64,Yes customer focus without whose far thus.
TASK-1025,Me away argue see majority.,Low,In Progress,04-06-2025,USER-3,Internal Initiative,Documentation,15,20,USER-3,Samantha Nelson,Manager,10,Gamma,0.67,Edge environment wind.,Positive,Email,3.3,5,TASK-1167,No,0.13,USER-3,14.27705228,90.6,0.39,0.58,Fish million time do hand.
TASK-1026,Camera their form skill ready stock doctor address identify wife.,Medium,Completed,25-05-2025,USER-39,Internal Initiative,Testing,1,2,USER-39,Rebecca King,Developer,4,Gamma,0.84,Bad hair affect skill it travel seven.,Negative,Email,1.08,4,TASK-1157,Yes,0.6,USER-39,0.927882884,65.71,0.25,0.7,Yes involve miss interest vote.
TASK-1027,Against senior space fact find if nor including.,High,In Progress,01-06-2025,USER-40,Client Request,Testing,3,5,USER-40,Rebekah Ayala,Tester,7,Alpha,0.78,Can mouth government alone site community.,Neutral,Chat,6.27,4,TASK-1019,Yes,0.9,USER-40,2.749145352,66.61,0.53,0.55,Second necessary make happy although.
TASK-1028,World without into people lot.,High,Completed,20-05-2025,USER-13,Client Request,Development,17,22,USER-13,Zachary Castaneda DVM,Developer,2,Beta,0.81,Pick sing hundred training allow five.,Neutral,Email,6.51,3,,Yes,0.71,USER-13,16.06742051,70.16,0.53,0.67,These pay simple boy.
TASK-1029,Book right actually town generation like until.,Low,Completed,09-06-2025,USER-46,Client Request,Testing,3,8,USER-46,Gregory Pacheco,Manager,4,Alpha,0.75,Pm somebody point state them.,Neutral,Slack,5.06,3,,No,0.1,USER-46,3.876640506,59.94,0.12,0.58,Popular least authority turn out car.
TASK-1030,Girl ahead stand lay eat forget.,Low,Pending,12-06-2025,USER-48,Client Request,Documentation,11,11,USER-48,Ronald Scott,Tester,10,Alpha,0.73,Anything seek amount important election local.,Neutral,Slack,7,3,TASK-1109,No,0.83,USER-48,11.05993273,79.65,0.28,0.53,Certainly suggest gas exist source century.
TASK-1031,Doctor prove carry mouth statement either star a ask.,High,Completed,27-05-2025,USER-35,Client Request,Testing,1,6,USER-35,Jennifer Cook,Tester,6,Alpha,0.73,Only day support.,Positive,Chat,3.92,1,,Yes,0.89,USER-35,2.669362975,88.8,0.27,0.7,Price movement you trade cultural statement.
TASK-1032,Make great participant provide enjoy himself without behavior kitchen.,Low,In Progress,12-06-2025,USER-15,Internal Initiative,Testing,3,1,USER-15,Michelle Gregory,Manager,6,Alpha,0.89,Spend so success worker huge everyone rise.,Negative,Email,6.84,3,,Yes,0.58,USER-15,4.666438844,81.89,0.22,0.61,Budget may scientist training into exactly.
TASK-1033,Rule quickly certainly successful make easy.,Low,In Progress,15-06-2025,USER-8,Client Request,Testing,13,11,USER-8,Marcus Fernandez,Tester,5,Gamma,0.62,Born part run half people energy.,Positive,Chat,3.15,0,,No,0.72,USER-8,14.45559054,59.92,0.37,0.81,Energy get simply between money.
TASK-1034,Tend majority admit remain price community affect.,Medium,Pending,16-06-2025,USER-28,Internal Initiative,Development,10,11,USER-28,Cynthia Turner,Developer,8,Gamma,0.95,Republican cover no public lot.,Negative,Slack,6.38,1,,Yes,0.95,USER-28,11.29786445,93.13,0.38,0.78,Including well stay available baby financial able.
TASK-1035,Risk begin people heart air article simply election.,Medium,In Progress,24-05-2025,USER-28,Internal Initiative,Testing,9,8,USER-28,Brian Hatfield,Manager,5,Gamma,0.86,Game race establish site ready.,Neutral,Slack,4.31,0,TASK-1034,No,0.07,USER-28,9.703960138,66.42,0.15,0.76,Focus security perhaps hard laugh.
TASK-1036,Sometimes product person allow total gas those in toward painting commercial.,High,In Progress,21-05-2025,USER-19,Internal Initiative,Documentation,10,9,USER-19,Hannah Sullivan,Developer,9,Beta,0.73,His plant strategy myself under purpose world.,Positive,Email,0.95,2,TASK-1046,Yes,0.57,USER-19,10.87617485,65.21,0.86,0.78,Color rise tonight heavy response right deal.
TASK-1037,Last main truth popular so they cause rather.,High,Completed,15-06-2025,USER-31,Client Request,Documentation,18,20,USER-31,William Hudson,Developer,2,Gamma,0.66,Itself health away between.,Neutral,Chat,9.11,0,,Yes,0.87,USER-31,18.22040615,93.99,0.02,0.52,Loss half read right long this.
TASK-1038,Education drug service appear situation threat treatment choose.,High,Completed,21-05-2025,USER-1,Internal Initiative,Testing,7,11,USER-1,Teresa Pena,Manager,9,Beta,0.99,Gun practice coach assume.,Positive,Email,4.4,2,,No,0.56,USER-1,6.101654922,99.41,0.87,0.51,Tell thing light operation nor.
TASK-1039,Resource night issue show read reason without as lead change.,Medium,Completed,30-05-2025,USER-35,Internal Initiative,Development,14,19,USER-35,Caitlin Jones,Manager,5,Alpha,0.6,Item management receive responsibility.,Positive,Slack,4.96,5,TASK-1069,No,0.43,USER-35,14.52827414,71.65,0.79,0.55,Congress art outside quickly tend senior long.
TASK-1040,Skill present nation energy follow father.,Medium,Pending,13-06-2025,USER-39,Client Request,Development,17,15,USER-39,Randy Thompson,Manager,10,Alpha,0.76,Weight clearly they care any measure probably.,Negative,Chat,1.87,3,TASK-1159,Yes,0.1,USER-39,16.97676269,98.35,0.95,0.92,Loss cover already.
TASK-1041,Radio indicate all cost manager president hard always entire hour.,Low,Completed,08-06-2025,USER-36,Client Request,Documentation,9,8,USER-36,Alison Zhang,Manager,4,Gamma,0.57,Name rather life it wait produce.,Negative,Email,5.21,5,TASK-1175,Yes,0.95,USER-36,8.935828937,86.5,0.12,0.76,Stand receive kid card southern enter friend old.
TASK-1042,Lawyer shoulder quite pull official report main.,Low,Pending,31-05-2025,USER-20,Internal Initiative,Documentation,6,7,USER-20,Brian Brown,Manager,9,Alpha,0.95,Space north why charge coach drop.,Positive,Slack,2.77,2,TASK-1118,No,0.42,USER-20,5.085467105,58.34,0.17,0.52,When should expect how.
TASK-1043,Coach amount the card they.,High,Completed,15-06-2025,USER-20,Internal Initiative,Development,12,13,USER-20,Lisa Stephens,Manager,3,Gamma,0.56,Support phone when sing.,Neutral,Chat,9.16,5,TASK-1088,No,0.77,USER-20,12.29924586,70.95,0.1,0.51,Once ground eat fact agency story try store.
TASK-1044,Mr stage wrong could someone worry network sister subject.,Medium,In Progress,28-05-2025,USER-4,Internal Initiative,Documentation,3,1,USER-4,Eddie Martin,Developer,7,Gamma,0.7,Lose decision should inside check brother police.,Positive,Chat,3.03,5,TASK-1171,Yes,0.1,USER-4,2.379133838,55.17,0.01,0.81,Physical on west mother.
TASK-1045,Despite almost father serious thing outside major financial the.,Low,Pending,23-05-2025,USER-18,Internal Initiative,Testing,17,20,USER-18,Jessica Campos,Tester,9,Beta,0.73,Work according note understand fish.,Positive,Slack,6.59,4,TASK-1025,Yes,0.34,USER-18,16.53983533,76.14,0.22,0.56,Simple PM that serve compare body difficult.
TASK-1046,Place know return against black example return operation sure.,Medium,In Progress,09-06-2025,USER-41,Internal Initiative,Development,17,16,USER-41,Robert Mccarty,Developer,5,Alpha,0.88,Per feel prove win my message price.,Neutral,Email,9.86,3,TASK-1038,No,0.28,USER-41,16.385167,61.96,0.77,0.95,Magazine somebody recognize behind.
TASK-1047,Lay parent training human whatever two area still special.,High,Completed,09-06-2025,USER-28,Internal Initiative,Development,20,19,USER-28,Ryan Li,Developer,2,Beta,0.73,Smile true policy everything whether before.,Negative,Slack,3.66,2,,No,0.11,USER-28,20.4325036,81.28,0.05,0.92,Party significant safe game.
TASK-1048,Career brother test stuff rise.,High,Pending,14-06-2025,USER-26,Internal Initiative,Testing,19,22,USER-26,Matthew Jensen,Developer,7,Alpha,0.83,Day state anyone statement.,Positive,Slack,1.49,1,,Yes,0.54,USER-26,18.42141693,95.92,0.86,0.73,Mother guy difficult bar allow whole.
TASK-1049,Anything dinner gas collection coach source image.,Medium,In Progress,12-06-2025,USER-8,Client Request,Testing,15,14,USER-8,Kenneth Wilson,Developer,2,Beta,0.5,Since per industry keep.,Negative,Slack,4.38,1,,No,0.11,USER-8,15.11968565,78.27,0.83,0.88,Yourself until put let special very.
TASK-1050,Myself people recognize ever number chair.,Medium,In Progress,02-06-2025,USER-37,Internal Initiative,Testing,3,8,USER-37,Christina Williams,Tester,8,Alpha,0.89,Decision growth heavy with eye option full.,Positive,Chat,4.38,3,,Yes,0.35,USER-37,3.066796472,52.36,0.71,0.88,Sort exist play beyond break.
TASK-1051,Able serious sure develop effect national can president present.,High,Completed,01-06-2025,USER-25,Client Request,Testing,1,2,USER-25,Daniel Rogers,Developer,1,Alpha,0.7,Meet man popular address career simple.,Negative,Email,5.63,0,,No,0.38,USER-25,1.331623708,76.27,0.25,0.84,Would safe region would between face actually.
TASK-1052,Choice appear service account we mean role.,Low,Pending,04-06-2025,USER-31,Client Request,Documentation,14,12,USER-31,Jeffrey Daniel,Tester,5,Beta,1,Would college follow become type weight southern.,Neutral,Chat,8.1,2,,Yes,0.5,USER-31,15.74189434,91.44,0.08,0.95,Listen plan card next scientist perhaps.
TASK-1053,Best charge people local reveal ready spring ground rule phone fine.,High,In Progress,30-05-2025,USER-4,Client Request,Testing,16,15,USER-4,Michaela Ware DDS,Tester,5,Beta,0.71,Like work save network.,Neutral,Email,8.24,1,TASK-1110,No,0.02,USER-4,17.20852235,98.5,0,0.56,Available standard personal time discover area.
TASK-1054,Administration information suggest identify term within memory.,High,Completed,12-06-2025,USER-5,Internal Initiative,Development,5,6,USER-5,Debbie Craig,Developer,6,Gamma,0.92,Produce trade voice save hit foot statement.,Neutral,Slack,6.38,4,,Yes,0,USER-5,5.460654935,96.04,0.64,0.96,It husband art form often.
TASK-1055,Sometimes up yes interview begin war.,Low,In Progress,16-06-2025,USER-11,Client Request,Documentation,19,17,USER-11,Karen Cortez,Tester,9,Alpha,0.59,Edge education southern three.,Negative,Chat,4.51,3,,Yes,0.56,USER-11,19.97980138,86.98,0.29,0.96,Relationship miss maintain.
TASK-1056,Forward choose safe table sing expect.,Medium,Completed,14-06-2025,USER-50,Internal Initiative,Development,6,8,USER-50,Angie Walter,Developer,9,Gamma,0.62,Return hospital commercial rate religious miss.,Neutral,Email,4.37,4,TASK-1113,No,0.32,USER-50,6.749240318,68.49,0.27,0.89,Defense happen front debate character responsibility local unit.
TASK-1057,Age civil seven line behind black language garden push former.,Low,Pending,14-06-2025,USER-50,Internal Initiative,Testing,6,7,USER-50,Ronald Sparks,Developer,10,Alpha,0.97,Which bag see sing glass note.,Negative,Slack,8.32,0,,Yes,0.15,USER-50,7.201151697,72.08,0.79,0.51,Worker something according phone very might certainly.
TASK-1058,Front level politics represent film three.,Low,Pending,28-05-2025,USER-43,Client Request,Documentation,14,12,USER-43,Christopher Mcmahon,Developer,1,Alpha,0.69,Enter expert year theory. Set set lay Democrat.,Positive,Slack,9.64,3,TASK-1074,No,0.4,USER-43,13.6036862,97.16,0.04,0.7,State head small coach.
TASK-1059,Pm official real himself realize.,Low,Pending,03-06-2025,USER-8,Client Request,Development,5,9,USER-8,Linda Lee,Manager,7,Beta,0.58,Ten floor accept.,Negative,Email,3.47,0,,No,0.08,USER-8,4.720821044,79.56,0.24,0.56,Policy produce head front whose indeed onto.
TASK-1060,Black project white for clearly film onto lose anything somebody.,High,Pending,18-06-2025,USER-37,Client Request,Documentation,18,19,USER-37,Bethany Santos,Tester,9,Gamma,0.61,Arrive even wait upon bed value hot present.,Positive,Chat,7.16,1,TASK-1072,Yes,0.68,USER-37,18.76746482,92.94,0.59,0.87,Still night actually others.
TASK-1061,Point set whose career research purpose fast right where hospital.,Medium,Pending,07-06-2025,USER-14,Client Request,Development,9,9,USER-14,Christina Romero,Developer,9,Beta,0.96,His author their whole require.,Neutral,Chat,3.73,4,,Yes,0.45,USER-14,8.72403486,52.37,0.85,0.79,Candidate type physical street list move term.
TASK-1062,Lose eye religious read risk prepare mother.,Medium,Completed,10-06-2025,USER-15,Client Request,Development,11,9,USER-15,Sabrina Brown,Manager,5,Gamma,0.91,Program continue check.,Negative,Slack,0.67,5,TASK-1044,Yes,0.89,USER-15,11.18073987,56.38,0.86,0.68,In serious student speak.
TASK-1063,Word main answer police to.,Medium,In Progress,03-06-2025,USER-25,Client Request,Documentation,16,16,USER-25,Andrew Allen,Manager,10,Alpha,0.94,Employee sing beat worry through.,Negative,Email,7.05,2,TASK-1110,No,0.86,USER-25,16.88012288,69.15,0.97,0.95,Decade tend charge democratic cause.
TASK-1064,Role sense option voice only sell difficult allow.,High,Pending,06-06-2025,USER-29,Internal Initiative,Documentation,13,14,USER-29,David Carlson,Tester,9,Gamma,0.75,Thing each every simply natural.,Neutral,Slack,1.67,2,,Yes,0.22,USER-29,13.08398836,89.67,0.32,0.69,Total seat point audience.
TASK-1065,Fund develop result feeling could loss building environment.,High,Pending,25-05-2025,USER-5,Client Request,Documentation,17,16,USER-5,Barbara Hudson,Tester,8,Beta,0.94,During dark customer material might.,Neutral,Email,5.24,5,TASK-1163,No,0.8,USER-5,16.23910623,81.61,0.19,0.85,Claim rise modern network themselves.
TASK-1066,Industry teach majority another policy entire food.,High,In Progress,14-06-2025,USER-13,Client Request,Documentation,13,16,USER-13,Chase Wilkins,Manager,1,Gamma,0.93,Either bar herself third.,Positive,Chat,9.3,5,,No,0.58,USER-13,14.04415003,69.34,0.16,0.56,Administration student nearly team.
TASK-1067,Cut own us several day eye.,Medium,Pending,17-06-2025,USER-45,Client Request,Testing,10,14,USER-45,Cody Davenport,Tester,3,Alpha,0.64,Order perhaps type sit season big.,Negative,Chat,7.61,2,TASK-1166,Yes,0.07,USER-45,10.39562771,67.74,0.8,0.52,Hand short ball series.
TASK-1068,Week course half various school sort without that.,High,Completed,29-05-2025,USER-7,Client Request,Testing,19,24,USER-7,Shawn Graham,Developer,9,Gamma,0.79,Police computer factor he task while.,Negative,Email,8.03,0,,Yes,1,USER-7,20.26109731,92.66,0.35,0.6,Word forget suffer claim current.
TASK-1069,Perform treat gun read thought blue risk participant compare then.,High,Pending,10-06-2025,USER-14,Client Request,Documentation,3,5,USER-14,David Durham,Developer,7,Alpha,0.67,Today election become relate.,Negative,Email,3.02,5,TASK-1168,Yes,0.93,USER-14,3.056185246,79.13,0.75,0.52,Already machine others media American.
TASK-1070,Personal finally chair section.,Low,In Progress,03-06-2025,USER-2,Internal Initiative,Development,18,17,USER-2,Jennifer Cross,Developer,10,Beta,0.92,Good religious cell want rest site.,Neutral,Chat,6.77,0,TASK-1179,No,0.31,USER-2,17.06300136,52.61,0.54,0.87,Human Democrat property green.
TASK-1071,Population social least cost control evening fish gun.,High,Pending,27-05-2025,USER-50,Client Request,Documentation,19,18,USER-50,Ryan Smith,Developer,8,Gamma,0.81,Long movie summer single health.,Positive,Email,6.57,1,TASK-1058,No,0.05,USER-50,18.44082353,82.32,0.3,0.99,Treat forward Mrs result western important hold.
TASK-1072,Try quickly mind meeting statement look ask window.,High,Pending,12-06-2025,USER-49,Client Request,Testing,9,8,USER-49,Anthony Phillips,Developer,4,Gamma,0.78,Test example produce call total leave pretty.,Positive,Chat,7.09,3,,Yes,0.94,USER-49,9.61990035,72.07,0.85,0.73,Necessary boy economic capital.
TASK-1073,Admit product method investment.,Medium,Completed,04-06-2025,USER-45,Client Request,Documentation,8,7,USER-45,John Meadows MD,Manager,6,Alpha,0.9,Laugh fish yes face product weight life make.,Negative,Chat,3.95,1,TASK-1100,No,0.18,USER-45,7.276201197,53.83,0.14,0.9,Base body conference send area officer until computer.
TASK-1074,Agent surface model air newspaper ball laugh.,Low,In Progress,04-06-2025,USER-50,Client Request,Testing,16,16,USER-50,Anthony Douglas,Manager,8,Alpha,0.57,Realize glass book member seat.,Positive,Email,9.82,2,,Yes,0.52,USER-50,15.46784473,86.17,0.18,0.7,Arrive hope though explain management.
TASK-1075,Work shoulder lose day suddenly court early system.,High,Pending,26-05-2025,USER-24,Client Request,Documentation,12,16,USER-24,Matthew Lee,Manager,6,Beta,0.99,Watch quickly analysis way poor rest specific.,Positive,Slack,0.6,3,TASK-1161,No,0.85,USER-24,11.98361221,84.94,0.78,0.7,Everything material agent discuss movie everyone.
TASK-1076,Range provide when like century score reduce key world.,Low,Completed,13-06-2025,USER-4,Client Request,Development,4,4,USER-4,Stacy Mcdonald,Developer,5,Gamma,0.77,Change set eight weight sister usually.,Positive,Email,6.15,0,TASK-1148,No,0.6,USER-4,5.042953233,67.74,0.44,0.78,Hit need describe really.
TASK-1077,Bad industry during fill college.,Low,Completed,10-06-2025,USER-45,Client Request,Documentation,20,23,USER-45,Richard Sloan,Developer,2,Alpha,0.85,Go relationship view senior artist.,Neutral,Email,3.91,1,,No,0.31,USER-45,21.83312842,70.77,0.74,0.62,Create ability process politics soldier.
TASK-1078,There seven piece per about although realize it.,High,Pending,17-06-2025,USER-10,Client Request,Documentation,8,9,USER-10,James Reed,Developer,10,Beta,0.85,Finally conference then you low thank size.,Positive,Slack,9.35,0,TASK-1030,Yes,0.41,USER-10,8.261090676,95.54,0.76,0.88,Recognize meet professor minute community article player simply.
TASK-1079,Fine simple pattern memory give home remember deal heart.,High,Completed,26-05-2025,USER-26,Client Request,Documentation,13,16,USER-26,Julia Hawkins,Manager,3,Alpha,0.77,Oil hit phone part. Congress fast follow provide.,Negative,Email,6.84,5,,No,0.97,USER-26,12.39186764,92.07,0.04,0.79,Parent early herself report.
TASK-1080,Exactly beat medical power off option blood should.,Low,Completed,16-06-2025,USER-7,Client Request,Development,12,10,USER-7,Patrick Caldwell,Tester,9,Alpha,0.69,Deep answer want which. Many follow top form.,Neutral,Email,5.83,4,,Yes,0.19,USER-7,11.73101464,81.82,0.26,0.64,Lay environment candidate leg today special.
TASK-1081,Low risk rule agree write dinner.,Medium,Pending,05-06-2025,USER-41,Client Request,Development,4,6,USER-41,Adam Wright,Manager,6,Gamma,0.81,Size mention stock involve.,Negative,Slack,0.13,5,TASK-1115,Yes,0.92,USER-41,3.051011254,97.33,0.22,0.73,Recently thank article very marriage close summer along.
TASK-1082,Education product national Congress indeed support current share father affect.,High,Pending,21-05-2025,USER-49,Client Request,Testing,8,9,USER-49,Tracy Bruce,Developer,6,Alpha,0.54,Coach set certainly.,Neutral,Email,2.61,0,TASK-1017,Yes,0.04,USER-49,9.044706762,74.65,0.14,0.58,Rock day success nearly model whatever.
TASK-1083,Us political time he financial.,Medium,In Progress,18-06-2025,USER-49,Client Request,Documentation,6,8,USER-49,Megan Jones,Developer,5,Alpha,0.83,Quality reason front writer simple which full.,Neutral,Chat,0.04,2,,Yes,0.85,USER-49,7.303901128,61.09,0.33,0.67,Early table focus here leg ball.
TASK-1084,Population money eat leg TV.,Low,Pending,14-06-2025,USER-47,Internal Initiative,Testing,11,14,USER-47,Lori Lambert,Manager,4,Beta,0.93,Various attack report simple.,Neutral,Slack,1.58,1,,Yes,0.37,USER-47,10.50717877,90,0.91,0.66,Nice beat apply it arm.
TASK-1085,Speech town decision certain may official nothing wall.,Medium,In Progress,15-06-2025,USER-33,Client Request,Documentation,3,5,USER-33,Joseph Evans,Manager,10,Alpha,0.68,Involve firm town want point short.,Negative,Chat,4.96,0,TASK-1063,No,0.88,USER-33,4.886540029,79.1,0.7,0.95,Style picture check blue.
TASK-1086,Significant nation nearly way military seem Republican without.,Low,Pending,30-05-2025,USER-32,Client Request,Testing,11,16,USER-32,Tyler Washington,Manager,1,Beta,0.92,Window trouble piece reason physical.,Neutral,Chat,0.57,2,TASK-1058,No,0.93,USER-32,12.95901051,90.14,0.86,0.55,Pattern discuss writer send I.
TASK-1087,East line pick science short fund analysis.,Low,In Progress,10-06-2025,USER-46,Client Request,Development,13,18,USER-46,Crystal Burns,Developer,6,Alpha,0.98,Girl enjoy factor standard agency paper seven.,Negative,Email,0.84,5,,Yes,0.89,USER-46,12.90792493,61.27,0.07,0.98,Enough example east report growth these others.
TASK-1088,Campaign agreement care computer account song paper significant subject politics.,Low,Completed,02-06-2025,USER-24,Client Request,Development,19,20,USER-24,Jeremy Ortiz,Manager,6,Alpha,0.5,Son artist accept we special every.,Neutral,Chat,6.21,1,,Yes,0.31,USER-24,18.89549072,79.34,0.98,0.78,Seat investment eye bill attack accept much audience.
TASK-1089,Loss simply ok him west customer wear dinner.,Low,Pending,01-06-2025,USER-25,Client Request,Development,4,5,USER-25,Jason Vega,Manager,7,Beta,0.55,Cost message early probably good race.,Positive,Email,2.26,5,TASK-1047,No,0.36,USER-25,4.484520812,67.39,0.18,0.82,Tonight he month language.
TASK-1090,Just spend enjoy people even recognize hit five laugh instead.,Medium,Completed,06-06-2025,USER-30,Internal Initiative,Testing,8,11,USER-30,Shawn Scott,Tester,9,Alpha,0.94,Family reduce concern marriage goal ten wait.,Positive,Chat,0.56,1,TASK-1031,No,0.66,USER-30,8.690401619,69.96,0.43,0.84,Crime gun own purpose.
TASK-1091,Yeah clearly new increase off record magazine.,High,Completed,17-06-2025,USER-49,Internal Initiative,Documentation,8,6,USER-49,Xavier Foster,Manager,6,Gamma,0.94,Carry determine follow throw my.,Positive,Chat,7.6,5,,No,0.3,USER-49,9.539746681,64.72,0.48,0.91,Specific trip western pull include six worker issue.
TASK-1092,Cost thing ok surface usually save.,High,In Progress,26-05-2025,USER-20,Internal Initiative,Development,18,16,USER-20,Christopher Davis,Tester,3,Gamma,0.8,Expect blue message.,Negative,Email,1.85,3,,Yes,0.61,USER-20,19.23081111,59.33,0.53,0.94,Issue culture until everybody exactly contain today government.
TASK-1093,Leave who fall phone scene mind because.,Medium,In Progress,26-05-2025,USER-35,Client Request,Documentation,18,19,USER-35,Elizabeth Logan,Manager,2,Gamma,0.94,Executive listen rich itself record.,Positive,Chat,8.01,0,,No,0.95,USER-35,17.22241218,75.07,0.58,0.68,No hotel save simply these herself serve course.
TASK-1094,City very answer think camera.,Medium,Completed,26-05-2025,USER-48,Internal Initiative,Testing,12,10,USER-48,Lori Clark,Manager,5,Alpha,0.51,Treatment address site go eat.,Negative,Email,3.04,0,TASK-1098,No,0.28,USER-48,12.21574547,90.51,0.52,0.91,Investment determine seek safe since expert.
TASK-1095,Record general experience task sometimes eight interest.,Low,Completed,10-06-2025,USER-7,Internal Initiative,Documentation,13,15,USER-7,Selena Pierce,Tester,3,Alpha,0.75,Huge whose reveal something.,Neutral,Chat,5.05,5,TASK-1005,No,0.88,USER-7,13.9211751,76.59,0.1,0.89,Play dog good themselves her soon everything.
TASK-1096,Nor put may you race image land thing through.,High,In Progress,23-05-2025,USER-28,Internal Initiative,Testing,3,8,USER-28,George Lynch,Developer,10,Alpha,0.64,Want oil yard. High property sometimes.,Positive,Email,9.84,2,TASK-1142,No,0.47,USER-28,4.201503805,90.13,0.12,0.56,Maybe already any.
TASK-1097,Behind cup family decision identify red style evening.,Low,In Progress,20-05-2025,USER-2,Internal Initiative,Testing,15,19,USER-2,Douglas Moore,Manager,7,Alpha,0.91,Month state under process sport six.,Positive,Chat,0.51,2,,Yes,0.96,USER-2,16.21847189,70.93,0.91,0.97,Field look central course war although.
TASK-1098,Age building bar sometimes total day range.,High,Pending,26-05-2025,USER-26,Client Request,Testing,2,3,USER-26,Lisa Bean,Tester,1,Gamma,0.52,Area site meet short Republican south eat.,Negative,Chat,7.64,3,,No,0.94,USER-26,2.72823656,80.62,0.23,0.56,Range today certainly travel sure herself.
TASK-1099,And generation particular employee film moment.,Low,Pending,03-06-2025,USER-10,Client Request,Development,5,6,USER-10,Sheryl Smith,Developer,6,Gamma,0.91,Answer article since control trial.,Neutral,Email,2.37,0,,No,0.1,USER-10,6.508464266,70.19,0.63,0.81,Near less should.
TASK-1100,Skin reach officer agree role degree.,Medium,In Progress,16-06-2025,USER-36,Client Request,Testing,13,14,USER-36,Matthew Mack,Manager,4,Alpha,0.82,Him chance trouble here.,Negative,Slack,3.71,2,,Yes,0.16,USER-36,12.16471523,83.6,0.67,0.69,Picture reflect more collection which decision sing.
TASK-1101,Our season statement into not since base.,Low,Pending,27-05-2025,USER-8,Client Request,Documentation,18,17,USER-8,Roberto Thompson,Tester,9,Gamma,0.53,Green picture together us TV shoulder inside.,Neutral,Email,2.07,4,,No,0.72,USER-8,19.31915639,56.59,0.25,0.83,Second ask main capital budget part health.
TASK-1102,Hour several board TV responsibility color true.,High,In Progress,31-05-2025,USER-22,Client Request,Testing,9,10,USER-22,Tammy Cochran,Manager,4,Gamma,0.95,Require theory return since.,Positive,Email,7.43,3,TASK-1158,Yes,0.5,USER-22,10.50990892,85.5,0.91,0.86,Loss manage marriage court walk.
TASK-1103,Lose various hit small now cover compare.,High,In Progress,31-05-2025,USER-46,Internal Initiative,Development,7,11,USER-46,Brianna Knox,Manager,1,Beta,0.64,Your growth ask doctor support similar week.,Negative,Chat,2.39,5,TASK-1104,Yes,0.31,USER-46,8.122563284,63.46,0.44,0.85,Forward stop focus government.
TASK-1104,Must drop start analysis ability yeah clear during personal today.,Low,Completed,10-06-2025,USER-22,Client Request,Documentation,3,8,USER-22,Matthew Gray,Manager,5,Beta,0.91,Home month serious world.,Positive,Chat,5.35,5,,No,0.97,USER-22,2.281585262,98.73,0.57,0.82,Second relate country sure care thus public cold.
TASK-1105,Focus cold property class sell soldier play try staff debate.,High,In Progress,30-05-2025,USER-22,Client Request,Testing,19,20,USER-22,Corey Black,Manager,9,Beta,0.97,Simply week but strong stay either.,Positive,Chat,3.78,3,,No,0.4,USER-22,19.17674977,79.95,0.38,0.94,Deal sign cover network back huge.
TASK-1106,Mention maintain last old painting now nice range.,High,In Progress,07-06-2025,USER-11,Internal Initiative,Documentation,9,13,USER-11,Dylan Mendez,Manager,9,Gamma,0.96,Building memory call wind will.,Negative,Slack,6.12,3,TASK-1134,No,0.21,USER-11,8.49839915,79.88,0.81,0.75,Field become call hope stand yeah play.
TASK-1107,Be standard can evidence certainly instead right.,Medium,Completed,20-05-2025,USER-10,Internal Initiative,Documentation,13,12,USER-10,Robert Henderson,Tester,7,Beta,0.93,Unit letter control morning.,Negative,Slack,3.52,5,TASK-1160,No,0.55,USER-10,14.84857128,95.22,0.33,0.95,Go down more now floor join.
TASK-1108,Decision center cut item quickly author another.,Medium,Pending,18-06-2025,USER-45,Client Request,Development,15,18,USER-45,Julie Robinson,Tester,9,Beta,0.57,Safe above stay central.,Positive,Chat,2.74,0,,No,0.33,USER-45,16.42984336,81.02,0.59,0.98,Though sense top learn fine term.
TASK-1109,Professor receive onto above special body seat letter.,Medium,In Progress,02-06-2025,USER-35,Internal Initiative,Documentation,5,3,USER-35,Donna Harper,Manager,10,Alpha,0.8,Step education according against bag stuff very.,Negative,Email,2.13,5,,Yes,0.73,USER-35,5.398423472,74.91,0.66,0.71,Focus strong more growth late.
TASK-1110,Subject management rock institution or law bring brother ever involve.,Medium,In Progress,03-06-2025,USER-9,Internal Initiative,Testing,15,20,USER-9,Marc Barnett,Tester,6,Beta,0.73,North shake hospital skill.,Neutral,Email,0.36,3,TASK-1149,Yes,0.5,USER-9,16.54612319,77.31,0.32,0.86,Guess mission mother money film.
TASK-1111,Through color offer by series something down.,Medium,Pending,28-05-2025,USER-34,Internal Initiative,Documentation,20,25,USER-34,Christy Garrison,Manager,5,Gamma,0.81,Hair car concern relationship summer.,Negative,Slack,4.44,3,,No,0.79,USER-34,19.56593756,80.53,0.57,0.94,Short citizen east food.
TASK-1112,Across respond black example try miss material suffer visit within.,Low,In Progress,13-06-2025,USER-48,Client Request,Development,9,9,USER-48,Loretta Aguirre,Developer,3,Beta,0.5,Democratic international best traditional good.,Negative,Slack,0.94,1,,No,0.04,USER-48,9.154093372,68.35,0.58,0.69,Be professional investment woman forward.
TASK-1113,Price professional and bad since rock south base rest.,Low,Pending,12-06-2025,USER-46,Client Request,Development,10,11,USER-46,Charles Reed,Manager,4,Alpha,0.83,Early clearly task experience court.,Neutral,Email,9.11,4,TASK-1160,No,0.03,USER-46,10.43822651,75.78,0.77,0.84,Interest use around see skill defense.
TASK-1114,Wide building effect land wear bag.,High,In Progress,24-05-2025,USER-44,Client Request,Testing,14,16,USER-44,Sean Robles,Developer,3,Alpha,0.83,Cover attorney federal between.,Negative,Slack,0.56,1,,Yes,0.29,USER-44,14.66549682,85.91,0.02,0.79,Opportunity down church on generation message television almost.
TASK-1115,Different body respond reveal he.,Medium,In Progress,04-06-2025,USER-14,Internal Initiative,Development,3,4,USER-14,Rachel Doyle,Developer,4,Gamma,0.56,Challenge arrive music stop.,Positive,Chat,9.66,0,TASK-1132,No,0.16,USER-14,4.199213911,89.75,0.82,0.58,Focus daughter citizen part.
TASK-1116,We enter role or organization reach stage include improve central.,Medium,Pending,11-06-2025,USER-8,Internal Initiative,Documentation,16,21,USER-8,Beth Brock,Manager,1,Beta,0.83,Direction media try say data.,Negative,Chat,7.52,5,TASK-1096,No,0.18,USER-8,15.84967722,85.31,0.76,0.51,While listen important none boy official feel.
TASK-1117,Memory including ground audience born situation run.,High,Pending,17-06-2025,USER-43,Client Request,Documentation,1,4,USER-43,George Reyes,Manager,9,Beta,0.75,Itself them young season somebody couple.,Neutral,Chat,7.86,4,,Yes,0.18,USER-43,0.114729851,79.67,0.23,0.79,Feeling doctor page.
TASK-1118,Represent himself TV contain analysis population later do method.,High,Pending,10-06-2025,USER-19,Internal Initiative,Testing,12,15,USER-19,Chase Robbins,Developer,1,Beta,0.72,Smile kitchen cell.,Positive,Email,9.17,3,TASK-1005,Yes,0.57,USER-19,12.10091797,55.43,0.73,0.95,Anyone skin garden similar ok attack year.
TASK-1119,Me guess home tend get yeah couple.,Medium,Pending,10-06-2025,USER-33,Client Request,Testing,5,6,USER-33,Anita Walker,Tester,8,Alpha,0.87,Here option each play moment less join box.,Neutral,Slack,9.11,2,TASK-1169,Yes,0.76,USER-33,6.297290712,52.47,0.69,0.62,Community research garden.
TASK-1120,Ok evening sort case state possible general meet.,High,Pending,10-06-2025,USER-8,Internal Initiative,Development,15,17,USER-8,Amanda Mclaughlin,Developer,9,Alpha,0.85,Beautiful them plant central nature.,Neutral,Email,4.83,4,TASK-1191,No,0.36,USER-8,15.63806875,74.46,0.05,0.94,Make front create very full finally act.
TASK-1121,Activity travel owner father owner way effect production church.,Medium,Completed,28-05-2025,USER-18,Internal Initiative,Documentation,16,17,USER-18,John Hahn,Developer,8,Alpha,0.57,Age as course former idea mention.,Positive,Email,3.2,2,,Yes,0.46,USER-18,17.16008043,80.7,0.26,0.63,Year country sure apply nearly water.
TASK-1122,Positive every sport finally magazine know.,Medium,In Progress,18-06-2025,USER-2,Client Request,Documentation,10,14,USER-2,Amber Johnson,Tester,1,Alpha,0.57,Myself center check guess decide image a card.,Neutral,Chat,2.75,0,TASK-1071,No,0.1,USER-2,9.774453301,78.32,0.43,0.67,Out identify carry your camera least.
TASK-1123,Financial find remember positive unit step film thing rest cut.,Medium,Pending,02-06-2025,USER-32,Client Request,Development,4,3,USER-32,Juan Blake,Manager,10,Alpha,0.6,Majority into director full.,Negative,Slack,5.27,2,,Yes,0.2,USER-32,5.695928356,59.9,0.86,0.63,War way food power section southern.
TASK-1124,Wrong physical always perform list foot money toward tend.,Medium,Completed,27-05-2025,USER-43,Client Request,Testing,3,7,USER-43,Michael Carpenter,Developer,1,Gamma,0.99,Rich power detail.,Negative,Email,3.31,2,,No,0.77,USER-43,3.828257782,93.94,0.37,0.6,Bar then back person.
TASK-1125,During great center turn involve.,Medium,Pending,21-05-2025,USER-5,Client Request,Documentation,7,11,USER-5,Brian Sanchez,Tester,2,Alpha,0.6,Moment more tonight cut.,Positive,Email,3.82,0,TASK-1071,No,0.03,USER-5,8.862288329,51.19,0.81,0.51,Sort hear they action.
TASK-1126,Commercial year each situation day fine unit name skin.,Low,Pending,28-05-2025,USER-6,Client Request,Development,7,11,USER-6,Mr. Anthony Martinez,Tester,1,Alpha,0.85,Color white per.,Positive,Chat,9.33,0,TASK-1069,No,0.9,USER-6,8.77295011,93.61,0.39,0.78,Guy peace morning conference on reason address.
TASK-1127,Election possible sing phone southern street say continue board policy.,High,In Progress,16-06-2025,USER-28,Internal Initiative,Development,13,18,USER-28,Sue Smith,Tester,5,Alpha,0.79,Director policy mission.,Negative,Slack,9.01,2,,No,0.89,USER-28,13.594447,68.73,0.18,0.95,Life tough try smile visit official.
TASK-1128,Memory there main husband life fear list information.,Medium,Completed,20-05-2025,USER-8,Internal Initiative,Documentation,2,4,USER-8,Sherry Oconnell,Tester,6,Beta,0.93,Arm degree center present.,Neutral,Chat,5.92,1,,No,0.11,USER-8,3.543879329,79.85,0.34,0.64,Speak explain listen protect bill standard politics.
TASK-1129,Describe professional share east item soon.,Low,Completed,10-06-2025,USER-10,Internal Initiative,Development,6,8,USER-10,Troy Gutierrez,Tester,6,Alpha,0.69,Live wall our do help no.,Neutral,Email,2.51,3,,No,0.93,USER-10,6.510078707,76.71,0.56,0.51,Effort way floor own cut billion.
TASK-1130,Him although unit whatever phone check camera should model seem character.,Medium,Pending,20-05-2025,USER-7,Internal Initiative,Development,12,11,USER-7,Christine White,Tester,9,Alpha,0.92,Laugh ready floor help.,Neutral,Slack,5.77,1,TASK-1168,Yes,0.54,USER-7,13.18613769,55.21,0.28,0.59,Will woman board travel father less.
TASK-1131,Staff year group customer defense fast go police.,Low,Completed,17-06-2025,USER-5,Internal Initiative,Documentation,18,18,USER-5,Lisa Chandler,Tester,8,Alpha,0.5,Including student else impact machine.,Negative,Email,6.95,1,,No,0.92,USER-5,17.51315132,57.31,0.09,0.98,Especially staff cut may.
TASK-1132,Visit enough care travel leg what look.,Low,In Progress,13-06-2025,USER-33,Client Request,Documentation,17,18,USER-33,Megan Weaver,Manager,2,Gamma,0.65,Resource smile buy result cell.,Neutral,Email,5.05,5,TASK-1024,No,0.75,USER-33,18.95777411,70.94,0.31,0.55,Appear matter choose future behind like.
TASK-1133,Live return find unit little recognize measure camera behavior institution.,Medium,Completed,17-06-2025,USER-34,Client Request,Development,15,18,USER-34,Zachary Martinez,Tester,2,Beta,0.84,Interview lead school notice draw though.,Positive,Email,6.28,0,TASK-1135,No,0.05,USER-34,14.51654391,97.12,0.94,0.92,Window prove organization later find share side.
TASK-1134,War religious paper prepare.,Medium,In Progress,21-05-2025,USER-43,Client Request,Testing,10,11,USER-43,Joshua Williams,Developer,4,Beta,0.68,Trouble performance happy father city rich hand.,Positive,Slack,1.81,5,,Yes,0.9,USER-43,11.67760119,96.51,0.49,0.99,Scene outside whether ready.
TASK-1135,Full else resource another.,Medium,In Progress,15-06-2025,USER-1,Internal Initiative,Documentation,20,22,USER-1,Rhonda Davis,Tester,3,Alpha,0.75,Short career group writer rate.,Positive,Email,1.13,5,,No,0.34,USER-1,21.18462568,85.68,0.24,0.76,Cost pick require by minute program enjoy.
TASK-1136,More future might artist sport tough vote tonight simple.,Medium,Pending,28-05-2025,USER-20,Internal Initiative,Development,11,13,USER-20,Dr. Mason Henderson,Developer,9,Alpha,0.78,Some information we some event.,Neutral,Email,0.31,1,TASK-1146,Yes,0.07,USER-20,12.12451297,72.47,0.36,0.97,Exist with movement want information outside cause discussion.
TASK-1137,Significant successful country carry strategy I college time smile color.,Low,Pending,28-05-2025,USER-38,Internal Initiative,Documentation,10,9,USER-38,Kristy Bennett,Tester,7,Beta,0.79,Painting office maintain over same necessary.,Neutral,Chat,6.48,3,TASK-1120,No,0.21,USER-38,11.87224197,51.88,0.4,0.86,Hold series ability agent surface sing follow.
TASK-1138,Head result compare provide sound.,High,Completed,31-05-2025,USER-43,Client Request,Testing,3,5,USER-43,Wendy Sandoval,Manager,6,Gamma,0.93,Employee ago in magazine design control ten.,Neutral,Slack,7.42,1,,Yes,0.96,USER-43,2.740321096,90.17,0.27,0.73,Risk politics tax party street.
TASK-1139,Him box record player continue treat always term exactly answer.,Medium,In Progress,06-06-2025,USER-14,Client Request,Testing,17,22,USER-14,Lauren Ellis,Manager,2,Beta,0.63,Road alone wall level too moment open.,Negative,Chat,4.23,4,TASK-1193,No,0.17,USER-14,18.26316171,73.97,0.17,0.81,Girl establish yourself play audience degree.
TASK-1140,When throughout figure stock break policy.,Medium,Pending,02-06-2025,USER-47,Internal Initiative,Development,18,22,USER-47,Kim Wood,Developer,5,Alpha,0.71,Available structure center continue.,Neutral,Chat,8.9,0,TASK-1093,Yes,0.86,USER-47,19.39800501,65.93,0.8,0.63,Traditional family son fund center probably national.
TASK-1141,Begin maybe age candidate finish start standard accept.,Medium,Pending,24-05-2025,USER-29,Client Request,Development,20,18,USER-29,Brent Pratt Jr.,Manager,1,Gamma,0.82,Star first quite side television company guess.,Positive,Slack,1.15,4,TASK-1118,Yes,0.63,USER-29,19.61568451,89.93,0.83,0.88,Day song son want really alone event.
TASK-1142,With indicate until before record degree second test.,High,Pending,24-05-2025,USER-23,Client Request,Documentation,19,18,USER-23,Patricia Miles,Developer,9,Beta,0.79,Again former adult current these.,Neutral,Slack,9.11,1,TASK-1156,No,0.01,USER-23,20.06128762,72.67,0.01,0.78,Person question left blood room water.
TASK-1143,Opportunity common off tonight relate.,High,Pending,28-05-2025,USER-45,Client Request,Documentation,17,20,USER-45,Allison Khan,Tester,7,Alpha,0.91,Care choose however would make kitchen economy.,Neutral,Slack,4.61,0,,Yes,0.21,USER-45,17.30819392,64.49,0.76,0.69,Rest training local father purpose.
TASK-1144,Travel myself over material case have cause glass value exist.,Low,Completed,12-06-2025,USER-50,Client Request,Testing,11,13,USER-50,Monica Brown,Developer,5,Alpha,0.86,Occur remain cut.,Positive,Chat,3.83,1,,Yes,0.58,USER-50,12.67126243,94.34,0.06,0.52,Record wind no direction positive almost.
TASK-1145,Decide attention drug hand sea contain energy business father bill simple.,Low,In Progress,30-05-2025,USER-48,Client Request,Development,17,22,USER-48,Jeffrey Leon,Manager,6,Beta,0.66,Of step source travel reason strategy trade.,Positive,Email,7.63,2,TASK-1068,No,0.61,USER-48,18.53861203,58.62,0.11,0.82,Key discover bit food thus move.
TASK-1146,Republican million guy TV country memory likely these bed.,Medium,In Progress,08-06-2025,USER-1,Internal Initiative,Documentation,18,21,USER-1,Rachel Lang,Developer,8,Beta,0.82,Without water mean two west positive certainly.,Negative,Email,4.48,3,,Yes,0.52,USER-1,17.58426013,70.38,0.92,0.9,Sit happy store front stock show blue.
TASK-1147,Green beautiful culture fly important economy picture identify education green.,Medium,In Progress,21-05-2025,USER-20,Client Request,Testing,5,8,USER-20,Sarah Houston,Developer,4,Alpha,0.71,Name also doctor at research south.,Negative,Slack,4.58,4,TASK-1145,Yes,0.12,USER-20,4.660711037,60.48,0.09,0.83,Certainly opportunity modern ok try memory.
TASK-1148,Record only let practice green business sing.,Medium,Completed,14-06-2025,USER-30,Internal Initiative,Testing,8,10,USER-30,Elizabeth Valdez,Manager,1,Beta,0.59,Far kid degree help town.,Negative,Email,9.08,5,,Yes,0.92,USER-30,9.740468957,90.4,0.74,0.73,Particular sell sport seat.
TASK-1149,Experience score chair she job.,High,In Progress,21-05-2025,USER-11,Client Request,Development,16,19,USER-11,Edward Patrick,Developer,2,Gamma,0.57,Use how wall program.,Positive,Chat,1.82,1,TASK-1129,Yes,0.2,USER-11,16.68824654,93.95,0.62,0.65,Marriage recognize admit remember into society.
TASK-1150,Through cover themselves most though pass major election.,High,Pending,18-06-2025,USER-3,Client Request,Documentation,9,9,USER-3,Jacqueline Moody,Developer,1,Alpha,0.87,Theory item court professional.,Neutral,Slack,0.04,2,TASK-1047,Yes,0.69,USER-3,10.16564754,66.02,0.61,0.55,Congress support worry.
TASK-1151,Across sister without better husband front necessary.,Low,In Progress,07-06-2025,USER-48,Client Request,Development,12,11,USER-48,Jesse Watson,Manager,8,Alpha,0.86,Base thank college perform require clear kid.,Positive,Email,5.37,4,TASK-1156,Yes,0.15,USER-48,12.86045951,85.39,0.64,0.9,Full interesting prepare three bed serious study put.
TASK-1152,Happy cut skin special wonder official himself.,Low,In Progress,23-05-2025,USER-2,Internal Initiative,Testing,6,6,USER-2,Felicia Ramos,Developer,8,Gamma,0.82,The tend watch best election gun strategy.,Positive,Chat,4.06,3,,No,0.42,USER-2,5.429997849,67.92,0.83,0.96,Deep away Congress interview area fill live when.
TASK-1153,Suggest bag when threat wrong.,Medium,Completed,12-06-2025,USER-27,Client Request,Testing,14,17,USER-27,Michelle Dixon,Tester,1,Gamma,0.53,Shoulder party four history civil far.,Neutral,Slack,4.62,4,,No,0.22,USER-27,13.02990705,74.52,0.47,0.52,Difficult a speech ever many attack.
TASK-1154,Deep back camera collection budget.,Low,In Progress,20-05-2025,USER-7,Internal Initiative,Testing,7,7,USER-7,Nancy Paul,Developer,9,Alpha,0.84,Method life good point seem.,Positive,Chat,6.94,3,,No,0.41,USER-7,7.4478003,64.1,0.22,0.74,Character you meet rather election manage.
TASK-1155,Require room up knowledge thus such.,Medium,Completed,08-06-2025,USER-38,Client Request,Documentation,16,18,USER-38,Jeffery Chavez,Manager,3,Beta,0.69,First police somebody strong when.,Neutral,Email,1.48,4,,No,0.52,USER-38,15.50987692,63.17,0.07,0.52,Discover improve detail simply practice Mr father.
TASK-1156,Focus figure agency community attorney along nation.,Low,Completed,04-06-2025,USER-24,Client Request,Documentation,9,10,USER-24,Heather Robbins,Developer,8,Gamma,0.61,Affect sometimes oil detail article.,Negative,Chat,1.39,0,TASK-1082,Yes,0.69,USER-24,10.06746794,59.77,0.61,0.71,Effort town forward.
TASK-1157,Leader day pretty benefit through.,High,Completed,17-06-2025,USER-20,Internal Initiative,Development,11,13,USER-20,Susan Garza,Developer,9,Gamma,0.64,Certain car member speech hope law safe food.,Neutral,Email,3.18,3,,No,0.86,USER-20,10.87225185,73.94,0.13,0.95,Happen star capital bar main.
TASK-1158,Organization serious suddenly easy serve.,Medium,In Progress,18-06-2025,USER-25,Internal Initiative,Documentation,14,19,USER-25,Rachel Fowler,Developer,5,Beta,0.68,Ask trade feeling fine.,Negative,Slack,4.41,1,TASK-1023,No,0.02,USER-25,13.82365014,84.97,0.93,0.66,Matter low off necessary provide.
TASK-1159,Smile life truth I total rule serious better point set.,Low,Completed,04-06-2025,USER-49,Client Request,Documentation,17,20,USER-49,Andrew Arnold MD,Manager,8,Gamma,0.63,Purpose interesting practice take board.,Negative,Slack,7.12,4,TASK-1009,No,0.48,USER-49,17.53554335,54.76,0.44,0.69,Game wind kitchen general realize same mission bag.
TASK-1160,Somebody chair economic focus two him miss.,High,Pending,29-05-2025,USER-21,Internal Initiative,Testing,5,8,USER-21,Kelli Bradley,Developer,6,Beta,0.85,Performance yet even certain market more no.,Negative,Chat,0.74,2,,No,0.59,USER-21,6.701377929,56.9,0.89,0.7,Care live meet room option late me.
TASK-1161,Forget law share everything phone federal.,Medium,Completed,12-06-2025,USER-30,Internal Initiative,Development,8,9,USER-30,Jill Becker,Developer,6,Gamma,0.74,Rule follow fund wonder far until tend.,Neutral,Slack,7.8,0,TASK-1002,No,0.06,USER-30,8.737128853,76.36,0.57,0.82,Send relate show.
TASK-1162,Trouble sport short respond response war seat network store particularly.,Low,In Progress,30-05-2025,USER-7,Internal Initiative,Testing,5,10,USER-7,Michelle Rollins,Tester,8,Gamma,0.7,Professor popular option perhaps peace.,Negative,Email,0.59,0,TASK-1130,Yes,0.33,USER-7,6.865281321,56.89,0.81,0.55,Bed inside explain dog popular.
TASK-1163,Child create people international card network sister central.,Medium,Pending,27-05-2025,USER-31,Client Request,Development,17,20,USER-31,Vanessa Copeland,Tester,7,Gamma,0.55,Our see door glass.,Positive,Slack,3.7,3,,No,0.37,USER-31,17.20649399,71.11,0.07,0.85,Like there about Congress table these sister.
TASK-1164,Box as sea deal lead environment.,Medium,Pending,26-05-2025,USER-6,Internal Initiative,Development,20,20,USER-6,Matthew Bryant,Tester,3,Gamma,0.84,Example receive agency character everybody thank.,Neutral,Email,7.16,1,,No,0.16,USER-6,21.62135305,70.08,0.51,0.54,Child like whom purpose consumer policy assume audience.
TASK-1165,However back save respond.,High,Completed,12-06-2025,USER-14,Client Request,Development,2,3,USER-14,Tammy Rivera,Developer,6,Beta,0.8,Body necessary any thousand owner.,Negative,Email,2.26,1,TASK-1091,Yes,0.97,USER-14,1.639357215,91.71,0.26,0.92,Feel direction base drug community economy garden.
TASK-1166,So main my organization avoid kid join ready.,Low,In Progress,24-05-2025,USER-38,Internal Initiative,Testing,20,20,USER-38,Kelsey Hicks,Developer,3,Beta,0.73,Raise black take suggest base media respond.,Positive,Slack,9.24,1,TASK-1188,Yes,0.75,USER-38,20.71399692,92.1,0.24,0.55,City relate though various maybe.
TASK-1167,Perhaps surface possible cell improve.,Medium,In Progress,23-05-2025,USER-21,Client Request,Development,12,11,USER-21,Charles Grant,Tester,1,Gamma,0.5,Remain tend she standard establish character.,Negative,Chat,1.72,2,TASK-1065,Yes,0.4,USER-21,11.65476719,71.3,0.12,0.64,Think either performance.
TASK-1168,According front painting form reason.,High,Pending,30-05-2025,USER-23,Client Request,Documentation,8,13,USER-23,Jennifer Perez,Developer,9,Beta,0.62,Water key act. Carry all state candidate create.,Neutral,Email,8.62,0,TASK-1105,No,0.7,USER-23,9.3513402,81.49,0.44,0.59,Necessary recently term ahead all road party.
TASK-1169,Capital stage media shake control.,High,In Progress,20-05-2025,USER-36,Internal Initiative,Documentation,15,13,USER-36,Kerry Coleman,Developer,8,Gamma,0.51,College tell already firm here front woman our.,Neutral,Chat,0.39,3,TASK-1099,Yes,0.32,USER-36,14.41454507,79.79,0.53,0.64,Manage success civil just maintain bank position.
TASK-1170,Financial every guy property safe look.,High,Pending,09-06-2025,USER-36,Client Request,Development,9,13,USER-36,David Dunn,Developer,5,Beta,0.88,Director rich learn career force.,Neutral,Slack,1.49,2,,Yes,0.52,USER-36,10.5477139,71.42,0.9,0.94,Decade four resource approach above any newspaper.
TASK-1171,Market government nature agent pull learn magazine happen ok.,Low,Pending,01-06-2025,USER-24,Client Request,Testing,10,14,USER-24,Alice Gordon,Tester,10,Beta,0.76,And rock amount.,Positive,Chat,0.74,3,TASK-1011,Yes,0.58,USER-24,10.47484835,99.92,0.74,0.7,Its rock rate less suddenly threat.
TASK-1172,Cost us true night might.,High,Completed,01-06-2025,USER-2,Internal Initiative,Testing,5,9,USER-2,Karen Vazquez,Developer,2,Gamma,0.52,Not school until party. Five age miss.,Negative,Chat,7.92,0,TASK-1071,No,0.65,USER-2,6.574137239,58.23,0.14,0.62,Contain seven lot.
TASK-1173,Term authority relationship investment pattern.,High,Pending,09-06-2025,USER-43,Client Request,Testing,18,17,USER-43,Nicholas Duffy,Tester,3,Alpha,0.57,Institution article hard these.,Negative,Email,9.37,2,TASK-1088,No,0.39,USER-43,19.08403891,70.1,0.98,0.95,Yourself another us civil stage of.
TASK-1174,Similar later personal mission everyone result lot picture media rather.,High,Pending,10-06-2025,USER-2,Client Request,Documentation,7,7,USER-2,William Scott,Tester,10,Beta,0.58,Year usually cost.,Neutral,Slack,9.24,0,TASK-1104,Yes,0.85,USER-2,6.591356242,64.3,0.3,0.85,Agreement suddenly challenge interest out war most.
TASK-1175,Ago culture break morning value.,Low,Completed,09-06-2025,USER-10,Internal Initiative,Development,10,11,USER-10,Patrick Clark,Tester,5,Alpha,0.66,Program fall natural key. Though always trip.,Negative,Chat,5.77,5,,No,0.45,USER-10,11.84997215,60.16,0.34,0.54,Treatment I building provide each.
TASK-1176,Place travel into final sort admit.,Low,In Progress,22-05-2025,USER-46,Client Request,Testing,12,11,USER-46,Matthew Walters,Manager,3,Gamma,0.94,Oil start security.,Neutral,Email,7.77,2,TASK-1032,Yes,0.39,USER-46,13.8657834,54.9,0.38,0.53,Opportunity western author.
TASK-1177,Enter management single why beyond argue term buy drive.,Low,In Progress,28-05-2025,USER-11,Internal Initiative,Documentation,7,12,USER-11,Tracy King,Developer,9,Beta,0.87,Least concern hair senior.,Negative,Slack,0.32,2,,Yes,0.35,USER-11,8.066122285,75.12,0.57,0.96,Do along business provide nation wall.
TASK-1178,Hit wish media behavior drop than produce themselves success.,Low,Pending,04-06-2025,USER-46,Internal Initiative,Testing,1,5,USER-46,Heather Smith,Manager,2,Beta,0.93,Accept success deep conference.,Negative,Slack,6.76,5,,Yes,0.86,USER-46,0.951897588,93.65,0.95,0.82,Learn movement policy weight situation kitchen situation write.
TASK-1179,Fly range career whatever begin drug safe trade.,High,In Progress,20-05-2025,USER-27,Internal Initiative,Documentation,16,15,USER-27,Susan Kim,Manager,5,Alpha,0.82,Pay marriage quality series relationship.,Positive,Slack,0.2,2,,No,0.37,USER-27,15.10592003,89.02,0.55,0.59,Away smile lawyer trial high generation.
TASK-1180,General small military yard good mouth job day camera catch.,High,Completed,03-06-2025,USER-16,Client Request,Documentation,15,16,USER-16,Dustin Rodriguez,Manager,8,Alpha,0.77,Wind region another stock station.,Negative,Slack,7.8,3,TASK-1156,No,0.18,USER-16,15.08397501,95.08,0.42,0.84,Hear fish clearly term produce under heavy.
TASK-1181,Position why western research last political ability better.,Medium,Completed,12-06-2025,USER-33,Internal Initiative,Development,19,23,USER-33,Jacqueline Smith,Developer,2,Gamma,0.61,Those work opportunity eye.,Negative,Email,2.53,0,,No,0.86,USER-33,19.18882106,64.09,0.97,0.72,Local soldier few provide.
TASK-1182,Small dream big let civil newspaper.,Low,In Progress,03-06-2025,USER-44,Internal Initiative,Documentation,6,4,USER-44,Paige Shelton,Developer,3,Beta,0.95,Read economic process action ok pressure there.,Negative,Email,1.7,3,TASK-1105,Yes,0.44,USER-44,7.68420512,60.21,0.7,0.73,Big list peace respond face.
TASK-1183,Professional always always rather hand detail.,High,In Progress,02-06-2025,USER-16,Client Request,Development,8,12,USER-16,Jeffrey Chen,Manager,10,Gamma,0.88,Staff large effort.,Negative,Slack,3.04,5,,No,0.88,USER-16,7.302414483,74.72,0.41,0.61,Past everyone relate president something baby down.
TASK-1184,Successful energy realize two pattern magazine.,Medium,Completed,24-05-2025,USER-25,Client Request,Testing,2,5,USER-25,Rebecca Gentry,Tester,8,Gamma,0.79,Would test size. Herself ago space appear.,Positive,Chat,1.87,2,,Yes,0.17,USER-25,1.478439015,57.73,0.67,0.68,Church example church indicate.
TASK-1185,Beyond enough fish theory still responsibility item simple fact believe.,Medium,Completed,13-06-2025,USER-36,Internal Initiative,Development,2,3,USER-36,Robert Smith,Manager,5,Gamma,0.75,Level work herself a street.,Negative,Slack,6.29,3,,No,0.75,USER-36,3.000530245,74.23,0.62,0.8,Nothing ready create other evening environment cup.
TASK-1186,Case morning middle page protect son.,Low,Completed,03-06-2025,USER-47,Internal Initiative,Testing,13,15,USER-47,Michael Munoz,Tester,7,Alpha,0.51,Scientist now describe bad cover.,Positive,Slack,9.99,1,TASK-1183,No,0.08,USER-47,14.3588686,60.87,0.56,0.73,Vote can view thing face our experience.
TASK-1187,Carry long democratic yeah score president.,Low,Pending,12-06-2025,USER-47,Client Request,Documentation,12,11,USER-47,Jessica Robinson,Manager,1,Gamma,0.88,Fine at including wall throw education that.,Neutral,Email,0.7,1,,No,0.84,USER-47,11.75626012,66.88,0.55,0.56,Over let able happen process.
TASK-1188,A citizen difference mission enter choose.,Low,Pending,02-06-2025,USER-4,Internal Initiative,Development,2,3,USER-4,Angela Smith,Manager,8,Gamma,0.87,Bad concern expect mind.,Positive,Chat,8.83,0,,Yes,0.47,USER-4,1.575325624,53.87,0.33,0.67,Read large most no fear table.
TASK-1189,Stay make pattern business mission executive media.,High,Pending,04-06-2025,USER-30,Internal Initiative,Development,6,8,USER-30,Manuel Todd,Tester,1,Gamma,0.76,Coach shoulder compare with.,Negative,Slack,3.94,1,TASK-1112,No,0.82,USER-30,7.377328174,61.47,0.06,0.59,Few former rich statement child life deep condition.
TASK-1190,Guess cup suggest window institution important travel type even strategy.,Low,In Progress,31-05-2025,USER-25,Client Request,Testing,12,12,USER-25,Todd James,Tester,10,Alpha,0.61,Concern you set but yard free end economic.,Positive,Slack,3.86,3,TASK-1163,No,0.98,USER-25,12.70800838,98.36,0.32,0.55,Particular civil big quickly figure sign top.
TASK-1191,Skill else worker yard edge animal support.,High,Completed,30-05-2025,USER-23,Client Request,Documentation,20,23,USER-23,Jennifer Drake,Manager,8,Alpha,0.84,Boy law authority.,Negative,Email,0.19,3,TASK-1135,Yes,0.23,USER-23,20.58172353,93.06,0.15,0.86,Right trip than woman avoid third magazine myself.
TASK-1192,Collection than support lead worker culture.,Medium,Pending,01-06-2025,USER-1,Internal Initiative,Testing,20,18,USER-1,Joseph Ward,Manager,7,Gamma,0.53,Billion without consider school event.,Neutral,Email,6.64,4,,No,0.53,USER-1,21.3571963,79.66,0.28,0.59,Pattern believe build war boy.
TASK-1193,Spring edge church staff shake key determine peace author attorney.,High,In Progress,03-06-2025,USER-47,Internal Initiative,Development,19,20,USER-47,John Fernandez DVM,Tester,3,Alpha,0.6,Result million thousand.,Negative,Slack,2.45,2,TASK-1098,Yes,0.59,USER-47,19.51712573,82.14,0.69,0.58,Light husband worker item.
TASK-1194,See alone long soldier kid purpose.,Medium,Completed,21-05-2025,USER-23,Internal Initiative,Testing,6,10,USER-23,Matthew Herman,Tester,10,Beta,0.81,Instead into office fast range strategy.,Negative,Slack,0.89,3,TASK-1065,No,0.53,USER-23,6.415323863,99.77,0.63,0.99,Evidence player so billion reason.
TASK-1195,Lay quickly majority during cost office administration national issue.,Medium,In Progress,24-05-2025,USER-18,Client Request,Development,5,8,USER-18,Brooke Stephens,Developer,6,Beta,0.85,Field field another international.,Neutral,Chat,6.73,5,TASK-1064,Yes,0.29,USER-18,4.9979228,50.14,0.25,0.92,Activity expert project visit lose.
TASK-1196,About we true body growth thus.,Medium,Completed,22-05-2025,USER-45,Client Request,Development,9,9,USER-45,David Johnson,Developer,7,Gamma,0.54,Teach across but well.,Positive,Slack,9.53,5,TASK-1180,Yes,0.55,USER-45,9.398796942,70.81,0.62,0.87,Foot after scientist tax leg information practice.
TASK-1197,Woman decide beyond issue arm enter on cultural first.,High,Pending,12-06-2025,USER-24,Client Request,Testing,19,18,USER-24,Kim Taylor,Tester,8,Alpha,0.79,Least travel return data beyond.,Positive,Slack,6.38,1,,Yes,0.33,USER-24,20.64089005,60.26,0.64,0.66,Provide effort center yeah activity effect eat.
TASK-1198,Avoid attack out radio deep big second chance.,High,In Progress,18-06-2025,USER-38,Client Request,Development,13,11,USER-38,Gail Randall,Developer,4,Gamma,0.8,Town likely alone decide.,Positive,Chat,1.71,0,,Yes,0.78,USER-38,12.4895937,69.85,0.02,0.9,Your certainly director Mrs fire.
TASK-1199,Enjoy prepare exactly hope capital.,Medium,Completed,01-06-2025,USER-12,Internal Initiative,Documentation,12,12,USER-12,Dawn Chapman,Manager,1,Alpha,0.57,Weight better remain book tend cause.,Positive,Email,1.91,1,TASK-1053,Yes,0.85,USER-12,13.99199841,90.02,0.38,0.59,As recently small significant hundred.
